{
  "video_name": "vampire_test.mp4",
  "fps": 60.0,
  "duration_seconds": 110.18333333333334,
  "runs": [
    {
      "run_index": 1,
      "start_event": {
        "time": 13.75,
        "frame": 825,
        "confidence": 0.9961445331573486
      },
      "end_event": {
        "time": 98.75,
        "frame": 5925,
        "confidence": 0.9869731068611145
      },
      "choice_events": [
        {
          "time": 38.75,
          "frame": 2325,
          "confidence": 0.9877317547798157
        },
        {
          "time": 91.25,
          "frame": 5475,
          "confidence": 0.9637710452079773
        }
      ],
      "drop_events": []
    }
  ]
}